<?xml version="1.0" encoding="UTF-8"?>
<w:WantList w:release="3.0-with-domain-updates" w:product="NIEM"
  w:nillableDefault="true" xmlns:w="http://niem.gov/niem/wantlist/2.2" xmlns:nc="http://release.niem.gov/niem/niem-core/3.0/">
  <w:Element w:name="nc:Person" w:isReference="false" w:nillable="true"/>
  <w:Type w:name="nc:PersonNameType" w:isRequested="false">
    <w:ElementInType w:name="nc:PersonGivenName" w:isReference="false"
      w:minOccurs="0" w:maxOccurs="unbounded"/>
    <w:ElementInType w:name="nc:PersonSurName" w:isReference="false"
      w:minOccurs="0" w:maxOccurs="unbounded"/>
  </w:Type>
  <w:Type w:name="nc:PersonType" w:isRequested="false">
    <w:ElementInType w:name="nc:PersonName" w:isReference="false"
      w:minOccurs="0" w:maxOccurs="unbounded"/>
    <w:ElementInType w:name="nc:PersonAugmentationPoint"
      w:isReference="false" w:minOccurs="0" w:maxOccurs="unbounded"/>
  </w:Type>
</w:WantList>
