<?xml version="1.0" encoding="UTF-8"?>
<tns:SuperHero xmlns:nc="http://release.niem.gov/niem/niem-core/3.0/" xmlns:niem-xs="http://release.niem.gov/niem/proxy/xsd/3.0/" xmlns:structures="http://release.niem.gov/niem/structures/3.0/" xmlns:tns="http://www.example.org/SuperHero-extension" xmlns:xsi="http://www.w3.org/2001/XMLSchema-instance" xsi:schemaLocation="http://www.example.org/SuperHero-extension ../base-xsd/extension/SuperHero-extension.xsd ">
  <nc:PersonName>
    <nc:PersonGivenName>Bruce</nc:PersonGivenName>
    <nc:PersonSurName>Wayne</nc:PersonSurName>
  </nc:PersonName>
  <tns:PseudonymText>Batman</tns:PseudonymText>
  <tns:SuperPowerText>No superhuman abilities.</tns:SuperPowerText>
</tns:SuperHero>
