<?xml version="1.0" encoding="UTF-8"?>
<!-- As originally specified in OGC Best Practices Document:
            Gazetteer Service - Application Profile of the Web Feature Service Implementation Specification
            Version 0.9.4, OGC 11-122r1, 2011-08-18
  -->
<gml:Dictionary
   xmlns:gml="http://www.opengis.net/gml/3.2"
   xmlns:xsi="http://www.w3.org/2001/XMLSchema-instance"
   xsi:schemaLocation="http://www.opengis.net/gml/3.2 ../../../ogc/gml/3.2.1/gml.xsd"
   gml:id="GeoIdentifierDesignationTypeCode">
   <gml:description>
      The type of a designation for a location instance in a gazetteer.
   </gml:description>
   <gml:identifier codeSpace="http://metadata.ces.mil/mdr/ns/GSIP/codelist">GeoIdentifierDesignationTypeCode</gml:identifier>
   <gml:name>DoD/IC Dictionary: GSIP Geographic Identifier Designation Type Code Dictionary</gml:name>

   <gml:dictionaryEntry>
      <gml:Definition gml:id="administeredFederal">
         <gml:description>Lands owned or administered by the U.S. Federal government, for example: national parks, national wildlife refuges, military reservations, Federal prisons, and public-domain land.</gml:description>
	     <gml:identifier codeSpace="http://metadata.ces.mil/mdr/ns/GSIP/codelist/GeoIdentifierDesignationTypeCode">administeredFederal</gml:identifier>
         <gml:name>Administered Federal</gml:name>
      </gml:Definition>
   </gml:dictionaryEntry>
   <gml:dictionaryEntry>
      <gml:Definition gml:id="historical">
         <gml:description>A geographic feature that once existed but has ceased to exist, is no longer discernable on the landscape or seascape, and/or no longer serves the original purpose.</gml:description>
	     <gml:identifier codeSpace="http://metadata.ces.mil/mdr/ns/GSIP/codelist/GeoIdentifierDesignationTypeCode">historical</gml:identifier>
         <gml:name>Historical</gml:name>
      </gml:Definition>
   </gml:dictionaryEntry>
</gml:Dictionary>
