<?xml version="1.0" encoding="UTF-8"?>
<!-- Notices - Distribution Notice: 
           This document has been approved for Public Release and is available for use without restriction.
       --><cve:CVE xmlns:cve="urn:us:gov:ic:cve" xmlns:ddms="urn:us:mil:ces:metadata:ddms:5"
         xmlns="urn:us:gov:ic:cve"
         xmlns:ism="urn:us:gov:ic:ism"
         xmlns:xsi="http://www.w3.org/2001/XMLSchema-instance"
         ism:ownerProducer="USA"
         ism:classification="U"
         ism:DESVersion="10"
         ism:resourceElement="true"
         CVEVersion="1"
         ism:createDate="2012-01-04"
         xsi:schemaLocation="urn:us:gov:ic:cve ../Schema/CVEXml.xsd">
	
	  <cve:IRM>
		    <ddms:identifier ddms:qualifier="name" ddms:value="urn:us:gov:ic:cvenum:ism:25x"/>
		    <ddms:title ism:ownerProducer="USA" ism:classification="U">CVEnumISM25X</ddms:title>
		    <ddms:description ism:ownerProducer="USA" ism:classification="U">All currently authorized authority block declass date/event exemptions.</ddms:description>
		
		    <cve:Created>2012-01-04T02:15:00-04:00</cve:Created>
		
		    <ddms:source ddms:value="Marking Classified National Security Information Directive No. 1"/>
		    <ddms:pointOfContact>
			      <ddms:organization>
				        <ddms:name>Office IC CIO</ddms:name>
				        <ddms:email>datastandardssupport@ugov.gov</ddms:email>
			      </ddms:organization>
		    </ddms:pointOfContact>
	  </cve:IRM>
	
	  <cve:Enumeration multivalue="true" ism:ownerProducer="USA" ism:classification="U">

		    <Term ism:classification="U" ism:ownerProducer="USA">
			      <Value ism:classification="U" ism:ownerProducer="USA">AEA</Value>
			      <ddms:description ism:classification="U" ism:ownerProducer="USA">
				When using a source document that contains portions of Restricted Data (RD)
				or Formerly Restricted Data (FRD) where the RD/FRD source document(s) 
				do not have declassification instructions, the derivatively classified 
				document shall not contain a declassification date or event on the 
				Declassify On line.  The following shall be annotated on the Declassify On 
				line:  "Not Applicable or (N/A) to RD/FRD portions" and 
				"See source list for NSI portions" separated by a period.  
				The source list must include the declassification instruction 
				for each of the source documents classified under E.O. 13526 and 
				shall not appear in the classification authority block
			</ddms:description>
		    </Term>
		
	  	<Term ism:classification="U" ism:ownerProducer="USA">
	  		<Value ism:classification="U" ism:ownerProducer="USA">NATO</Value>
	  		<ddms:description ism:classification="U" ism:ownerProducer="USA">
	  			Since NATO information is not to be declassified or downgraded without the prior consent
	  			of NATO, the “Declassify on” line of documents that commingle information classified by 
	  			NATO and U.S. classified NSI, will read “N/A to NATO portions. 
	  			See source list for NSI portions.” 
	  			The NSI source list will appear beneath the classification authority block 
	  			in a manner that clearly identifies it as separate and distinct.
	  		</ddms:description>
	  	</Term>
	  	
	  	<Term ism:classification="U" ism:ownerProducer="USA">
	  		<Value ism:classification="U" ism:ownerProducer="USA">NATO-AEA</Value>
	  		<ddms:description ism:classification="U" ism:ownerProducer="USA">
	  			Handles special case of BOTH NATO and AEA as a single exemption.
	  		</ddms:description>
	  	</Term>
		    <Term ism:classification="U" ism:ownerProducer="USA">
			      <Value ism:classification="U" ism:ownerProducer="USA">25X1</Value>
			      <ddms:description ism:classification="U" ism:ownerProducer="USA">
				Reveal the identity of a confidential 
				human source, a human intelligence source, 
				a relationship with an intelligence or security
				service of a foreign government or 
				international organization, or a non-human 
				intelligence source; or impair the 
				effectiveness of an intelligence method 
				currently in use, available for use, or under 
				development.
			</ddms:description>
		    </Term>
		    <Term ism:classification="U" ism:ownerProducer="USA">
			      <Value ism:classification="U" ism:ownerProducer="USA">25X1-EO-12951</Value>
			      <ddms:description ism:classification="U" ism:ownerProducer="USA">
				"25X1, EO 12951" (prescribed by the DNI for use on information described in E.O. 12951, 
				Release of Imagery Acquired by Space-Based National Intelligence Reconnaissance Systems)
			</ddms:description>
		    </Term>
		    <Term ism:classification="U" ism:ownerProducer="USA">
			      <Value ism:classification="U" ism:ownerProducer="USA">25X2</Value>
			      <ddms:description ism:classification="U" ism:ownerProducer="USA">
				Reveal information that would assist 
				in the development, production, or use of 
				weapons of mass destruction.
			</ddms:description>
		    </Term>
		    <Term ism:classification="U" ism:ownerProducer="USA">
			      <Value ism:classification="U" ism:ownerProducer="USA">25X3</Value>
			      <ddms:description ism:classification="U" ism:ownerProducer="USA">
				Reveal information that would 
				impair U.S. cryptologic systems or activities.
			</ddms:description>
		    </Term>
		    <Term ism:classification="U" ism:ownerProducer="USA">
			      <Value ism:classification="U" ism:ownerProducer="USA">25X4</Value>
			      <ddms:description ism:classification="U" ism:ownerProducer="USA">
				Reveal information that would 
				impair the application of state-of-the-art 
				technology within a U.S. weapon system.
			</ddms:description>
		    </Term>
		    <Term ism:classification="U" ism:ownerProducer="USA">
			      <Value ism:classification="U" ism:ownerProducer="USA">25X5</Value>
			      <ddms:description ism:classification="U" ism:ownerProducer="USA">
				Reveal formally named or numbered 
				U.S. military war plans that remain in effect, 
				or reveal operational or tactical elements of 
				prior plans that are contained in such active 
				plans;</ddms:description>
		    </Term>
		    <Term ism:classification="U" ism:ownerProducer="USA">
			      <Value ism:classification="U" ism:ownerProducer="USA">25X6</Value>
			      <ddms:description ism:classification="U" ism:ownerProducer="USA">
				Reveal information, including foreign 
				government information, that would cause 
				serious harm to relations between the United 
				States and a foreign government, or to 
				ongoing diplomatic activities of the United 
				States
			</ddms:description>
		    </Term>
		    <Term ism:classification="U" ism:ownerProducer="USA">
			      <Value ism:classification="U" ism:ownerProducer="USA">25X7</Value>
			      <ddms:description ism:classification="U" ism:ownerProducer="USA">
				Reveal information that would 
				impair the current ability of United States 
				Government officials to protect the President, 
				Vice President, and other protectees for 
				whom protection services, in the interest of 
				the national security, are authorized.
			</ddms:description>
		    </Term>
		    <Term ism:classification="U" ism:ownerProducer="USA">
			      <Value ism:classification="U" ism:ownerProducer="USA">25X8</Value>
			      <ddms:description ism:classification="U" ism:ownerProducer="USA">
				Reveal information that would 
				seriously impair current national security 
				emergency preparedness plans or reveal 
				current vulnerabilities of systems, 
				installations, or infrastructures relating to the 
				national security.
			</ddms:description>
		    </Term>
		    <Term ism:classification="U" ism:ownerProducer="USA">
			      <Value ism:classification="U" ism:ownerProducer="USA">25X9</Value>
			      <ddms:description ism:classification="U" ism:ownerProducer="USA">
				Violate a statute, treaty, or 
				international agreement that does not permit 
				the automatic or unilateral declassification of 
				information at 25 years.
			</ddms:description>
		    </Term>                    

		    <Term ism:classification="U" ism:ownerProducer="USA">
			      <Value ism:classification="U" ism:ownerProducer="USA">50X1-HUM</Value>
			      <ddms:description ism:classification="U" ism:ownerProducer="USA">
				When the information clearly and 
				demonstrably could be expected to 
				reveal the identity of a confidential 
				human source or a human intelligence 
				source.				
			</ddms:description>
		    </Term>
		    <Term ism:classification="U" ism:ownerProducer="USA">
			      <Value ism:classification="U" ism:ownerProducer="USA">50X2-WMD</Value>
			      <ddms:description ism:classification="U" ism:ownerProducer="USA">
				When the information clearly and 
				demonstrably could reveal key design 
				concepts of weapons of mass 
				destruction.
			</ddms:description>
		    </Term>            
	  </cve:Enumeration>
</cve:CVE>